content_id,brand,topic,category,objective,content_type,target,status,page_count,caption,hashtags,created_at
CN-20260930-001,ongrowth,한 달 치 SNS 콘텐츠 한 번에 기획하는 법,marketing,SAVE,STEP,혼자 SNS를 운영하는 소상공인·1인 브랜드,draft,8,"매일 아침 '오늘 뭐 올리지?' 고민하고 계신가요?
한 달 치 콘텐츠를 한 번에 기획하는 4단계를 정리했어요.

STEP 1. 콘텐츠 기둥 3개 정하기
STEP 2. 기둥별 주제 10개씩 적기
STEP 3. 요일별로 배치하기
STEP 4. 작업별로 몰아서 만들기

저장해두고 이번 달 기획할 때 순서대로 따라 해보세요.",#SNS운영 #콘텐츠기획 #인스타그램마케팅 #소상공인마케팅 #1인브랜드 #콘텐츠캘린더,2026-09-30 11:25
CN-20260930-002,sample_stay,숲속스테이 11월 평일 연박 할인,stay,SALES,OFFER,붐비지 않는 평일 여행을 찾는 직장인·커플,draft,6,"11월 한 달, 숲속스테이 평일 연박 혜택을 준비했어요.
평일 2박 이상 예약하시면 객실 요금 20% 할인, 조식도 포함입니다.

예약은 프로필 링크에서 확인해 주세요.",#숲속스테이 #평일여행 #연박할인 #11월여행 #숙소추천,2026-09-30 11:26
CN-20260930-003,ongrowth,동네 카페 인스타그램 운영 3개월 사례,marketing,FOLLOW,CASE,인스타그램을 직접 운영하는 동네 가게 사장님,draft,7,"동네 카페 한 곳이 3개월 동안 인스타그램 운영 방식을 바꿨어요.
요일을 고정하고, 메뉴 사진 대신 원두 정보·후기·작업 과정을 올렸더니 DM 예약 문의가 12건에서 31건이 됐습니다.

우리 가게에 적용할 수 있는 부분만 골라보세요.",#인스타그램운영 #카페마케팅 #소상공인마케팅 #운영사례 #콘텐츠기획,2026-09-30 11:37
CN-20261001-001,ongrowth,저장되는 카드뉴스 표지 문구 체크리스트,marketing,FOLLOW,LIST,인스타그램 카드뉴스를 직접 만드는 1인 브랜드·소상공인,draft,6,"카드뉴스를 열심히 만들어도 첫 장에서 넘기지 않으면 끝까지 읽히지 않아요.
표지 문구를 쓸 때 확인할 3가지를 체크리스트로 정리했습니다.

다음 카드뉴스 만들기 전에 한 번씩 점검해 보세요.",#카드뉴스 #카드뉴스만들기 #인스타그램마케팅 #콘텐츠기획 #1인브랜드,2026-10-01 00:45
CN-20261001-002,ongrowth,"검색되는 블로그 제목, 이 순서로 쓰세요",marketing,SAVE,STEP,블로그와 SNS로 직접 마케팅하는 1인 사업자·소상공인,approved,8,"좋은 글인데 검색으로 들어오는 사람이 없다면, 제목부터 점검해 보세요.
검색되는 블로그 제목은 조립하는 순서가 있습니다.

1) 키워드를 맨 앞에
2) 대상을 좁히고
3) 얻는 것을 끝에

저장해두고 다음 글 제목을 지을 때 순서대로 적용해 보세요.",#블로그마케팅 #블로그제목 #네이버블로그 #블로그운영 #마케팅팁 #1인사업자,2026-10-01 01:53
